name,img_link,neighborhood,type,year_built,year_demolished,lat,lon,cause,replacement,Replacement Categories,source ,Description/Comments,Contributor
Riverview park,https://disappointedtourist.org/wp-content/uploads/2023/12/120CR-2048x1536.jpg,Roscoe Village,Entertainment,1904,1967,41.9403,-87.6688,Fire,Riverview Plaza Shopping Center,Commercial Business,https://disappointedtourist.org/riverview/,"""Riverview Park was an amusement park in the Roscoe Village neighborhood of Chicago, which opened in 1904. At the time, it housed the largest downhill roller coaster in the world.""",Jade
The Hyde Park Hotel,https://bloximages.newyork1.vip.townnews.com/hpherald.com/content/tncms/assets/v3/editorial/9/30/93001892-0cdb-11ec-83b0-af5fe7c6e447/613259ee81944.image.png,Hyde Park,Hospitality,1888,1962,41.8020411,-87.5892885,Private Development,Village Center Mall,Commercial Business,https://www.hpherald.com/evening_digest/lost-hyde-park-hotels-resorts-and-entertainment-venues/article_bc993432-0cda-11ec-ba33-0fb38d651594.html,"""Helped establish the neighborhood as affluent.""",Jade
Village Center Mall,https://bloximages.newyork1.vip.townnews.com/hpherald.com/content/tncms/assets/v3/editorial/9/8e/98ed71d2-0cdb-11ec-a735-db3863103754/613259f874d08.image.png,Hyde Park,Commercial,1967,2014,41.8016,-87.5878,Private Development,City Hyde Park project,Residential Complex,https://www.hpherald.com/evening_digest/lost-hyde-park-hotels-resorts-and-entertainment-venues/article_bc993432-0cda-11ec-ba33-0fb38d651594.html,"""A strip mall that housed a supermarket, the Original Pancake House, drug store, and liquor store.""",Jade
Chicago Stadium,https://disappointedtourist.org/wp-content/uploads/2025/09/300CR-copy-2048x1536.jpg,Near West Side,Entertainment,1929,1995,41.881667,-87.672778,Private Development,parking lot for the United Center,Transportation Infrastructures,https://disappointedtourist.org/chicago-stadium/,"""The largest indoor arena in the world at the time it was built. It was the home of the NHL Chicago Blackhawks and the NBA’s Chicago Bulls and hosted five United States presidential nominating conventions.""",Jade
Mecca Flats,https://disappointedtourist.org/wp-content/uploads/2025/09/301CR-copy-2048x1536.jpg,Bronzeville,Hospitality,1891,1952,41.8332,-87.6272,Urban Renewal,Mies van der Rohe’s Crown Hall,Institutional Building,"https://disappointedtourist.org/mecca-flats/
https://buildinghistory.iit.edu/buildings/mecca","""Originally constructed as a hotel for the World's Columbian Exposition of 1893, the 96-unit Mecca building became an apartment building after the fair. The building was acquired by Illinois Tech around 1941, and was demolished in 1952 to make way for the construction of S.R. Crown Hall.""",Jade
Gerri’s Palm Tavern,https://disappointedtourist.org/wp-content/uploads/2025/09/305CR-copy-2048x1536.jpg,Bronzeville,Hospitality,1933,2004,41.809622,-87.614396,Private Development,Gallery Guichard Great Migration Sculpture Garden,Arts and Culture,"https://disappointedtourist.org/palm-tavern/
https://mascontext.com/observations/what-happened-to-gerris-palm-tavern","""The tavern was once a center of Black life and culture for decades.""",Jade
Prentice Women’s Hospital,https://disappointedtourist.org/wp-content/uploads/2025/09/302CR-copy-1536x2048.jpg,Streeterville,Healthcare,1972,2014,41.89542,-87.61887,Private Development,Louis A. Simpson and Kimberly K. Querrey Biomedical Research Center,Institutional Building,https://disappointedtourist.org/prentice-womens-hospital/,"""Iconic clover-shaped structure that was one of the first major buildings designed using early computer-aided technology.""",Jade
Kraft building,https://preview.redd.it/the-kraft-phenix-building-1938-2003-chicago-former-v0-kz7ygyhzdgs61.jpg?auto=webp&s=0de840152ce066b184341bb90457f840ae46dca8,Streeterville,Commercial,1938,2003,41.891636,-87.6150334,Private Development,a park and two condos,Residential Complex,https://www.chicagotribune.com/2002/09/11/condos-park-set-to-replace-kraft-building/,"""The Kraft building housed both the company’s headquarters, food laboratories and a food-processing plant and was the largest building erected downtown in 1937-38. Preservationists lamented the loss of the 1939 building that saw the birth of Parkay margarine.""",Jade
The Arcade,https://disappointedtourist.org/wp-content/uploads/2023/12/233CR-1536x2048.jpg,Pullman,Mixed-Use,1882,1926,41.69145,-87.60905,Industrial Decline,Pullman Exhibit Hall ,Arts and Culture,https://disappointedtourist.org/pullman-arcade/,"""One of the social and economic cornerstones of Pullman, the industrial company town, which contained a shopping mall, an auditorum, a post office, and a community center all in one.""",Jade
"United States Custom House, Court House, and Post Office",https://upload.wikimedia.org/wikipedia/commons/b/b2/Custom_House_%26_Post_Office._Chicago%2C_Ill._%28Jersey_Coffee%29_%283092981197%29.jpg,the Loop,Civic Center,1880,1896,41.879191,-87.629085,Executive / Legislative Action,Chicago Federal Building,Government,"https://en.wikipedia.org/wiki/United_States_Custom_House,_Court_House,_and_Post_Office_(Chicago,_1880)
","""This federal building housed the United States Custom House, Court House, and Post Office. Due to poor planning and construction, by the 1890s was considered dangerous and too small. It was notoriously overcrowded, poorly planned, and suffered from structural issues, including failing plaster and plumbing.""",Jade
Chicago Federal Building,https://disappointedtourist.org/wp-content/uploads/2025/09/297CR-copy-2048x1536.jpg,the Loop,Civic Center,1898,1965,41.879191,-87.629085,Executive / Legislative Action,Kluczynski Federal Building,Government,https://disappointedtourist.org/chicago-federal-building/,"""The Chicago Federal Building was constructed between 1898 and 1905 in the Beaux Arts style by architect Henry Ives Cobb. It housed the Midwest's federal courts, main post office, and other government bureaus""",Jade
Tacoma Building,https://disappointedtourist.org/wp-content/uploads/2025/09/299CR-copy-1536x2048.jpg,the Loop,Mixed-Use,1889,1929,41.882,-87.6321,Private Development,One North LaSalle,Residential Complex,https://disappointedtourist.org/tacoma-building/,"""Tacoma Building was an early skyscraper and the first to use a complete iron and steel skeleton frame.""",Jade
Masonic Temple,https://disappointedtourist.org/wp-content/uploads/2023/12/31CR-1536x2048.jpg,the Loop,Mixed-Use,1892,1939,41.8848,-87.627575,Private Development,Joffrey Tower,Residential Complex,https://disappointedtourist.org/masonic-temple-building/,"""The Masonic Temple, with 21 stories, was the tallest building in the city until the 1920s.""",Jade
Olson Park and Waterfall,https://disappointedtourist.org/wp-content/uploads/2025/09/303CR-copy-1-1536x2048.jpg,Belmont Gardens,Recreational Area,1935,1978,41.932222,-87.7275,Private Development,parking lot,Transportation Infrastructures,"https://disappointedtourist.org/olson-waterfall/
https://en.wikipedia.org/wiki/Olson_Park_and_Waterfall","""During the opening of the park in 1935, the land was symbolically deeded to the Native American, in recognition of the 100th anniversary of the expulsion after the Blackhawk war. The Chicago Tribune named Olson Park as the first of ""Chicago's Seven Lost Wonders"". """,Jade
Great Central Station,https://upload.wikimedia.org/wikipedia/commons/thumb/e/e8/Great_Central_Station_trainshed.png/960px-Great_Central_Station_trainshed.png,The Loop,Transportation,1856,1893,41.886111,-87.623333,Public Infrastructure,Millenium Station,Transportation Infrastructures,https://en.wikipedia.org/wiki/Great_Central_Station,"""Great Central Station, also known as Great Central Depot, was an intercity train station in Chicago, Illinois, owned by the Illinois Central Railroad (IC). It opened in 1856 and for a time was the largest building in downtown Chicago.""",Jade
Zum Deutschen Eck,https://disappointedtourist.org/wp-content/uploads/2025/09/306CR-copy-2048x1536.jpg,Lincoln Square,Hospitality,1956,2000,41.935117,-87.663733,Private Development,parking lot,Transportation Infrastructures,"https://disappointedtourist.org/zum/
https://www.hmdb.org/m.asp?m=82400","""The restaurant was a premier cultural institution for German-Americans.""",Jade
The Schiller Theater Building,https://chicagoyimby.com/wp-content/uploads/2023/11/garrick-1-scaled.jpeg,the Loop,Entertainment,1892,1961,41.884722,-87.630556,Urban Renewal,parking structure,Transportation Infrastructures,https://chicagoyimby.com/2023/11/lost-legends-11-the-garrick-theater-in-the-loop.html,"""Serving as a cultural hub for German-American opera, theater, and social causes, news of its planned demolition sparked Chicago's modern architectural preservation movement.""",Jade
Lakeside Building,https://chicagology.com/wp-content/themes/revolution-20/postfire/lakesideetching.jpg,the Loop,Commercial,1872,1926,41.8791932,-87.632154,Private Development,Bankers Building,Commercial Business,https://www.chicago.gov/content/dam/city/depts/zlup/Historic_Preservation/Publications/Bankers_Building_Final_Report.pdf,"""A prominent post-Great Fire structure that served as a key commercial hub in the city's reconstruction efforts.""",Jade
The Lake Shore Drive ‘S’ Curve Bottleneck,https://chicagoyimby.com/wp-content/uploads/2023/08/scurve.jpeg,Lakeshore East,Transportation,1937,1986,41.902107,-87.623595,Public Infrastructure,Cancer Survivors Plaza,Parks,https://chicagoyimby.com/2023/08/lost-legends-8-the-lake-shore-drive-s-curve-bottleneck.html,"""The road featured two sharp 90-degree turns, fitting for the slower vehicles of the time. However, as traffic speed increased, this once necessary design gradually became a source of congestion and safety concerns. Then the city redesigned the road to become what is today the lake shore drive""",Jade
Louis Henry Sullivan House,https://www.hmdb.org/Photos6/629/Photo629468.jpg?12232021100800PM,Kenwood,Private Residence,1892,1970,41.8112344,-87.6013211,Fire,residential house,Private Home,https://www.hmdb.org/m.asp?m=188759,"""Known as the “prophet of modern architecture,” Louis Sullivan advocated creating buildings that honestly mirrored their time, place and technology. Damaged by fire and abandoned, the house was demolished in 1970""",Jade
The 1885 Cook County Courthouse and City Hall ,https://chicagology.com/wp-content/themes/revolution-20/goldenage/cityhallcountybuilding1885.jpg,The Loop,Civic Center,1885,1908,41.88386,-87.631631,Executive / Legislative Action,Chicago City Hall-County Building,Government,https://chicagology.com/goldenage/goldenage126/,"""The City Hall was built in the French Renaissance style as a dual structure for joint occupancy by city and county. However, as soon as the building was finished, various problems emerged, which forced the decision for a new city hall and a new country building. Structural failurues were caused by the money being used in bribery and election expenses. The building revealed the most corrupt period of politics in Cook County""",Jade
The Historical Haven School,https://chicagology.com/wp-content/themes/revolution-20/chicagoimages/havenschool.jpg,the Loop,School,1862,1884,41.861107,-87.62569,City Growth,Coliseum Park,Parks,https://chicagology.com/prefire/prefire111/,"""The Haven School included modern amenities for its era, such as steam heating, thorough ventilation, and a gymnasium on the fourth floor, a novel feature in school design at the time. Its design and construction set a high standard for future school buildings in Chicago, influencing the development of public education facilities in the city.""",Jade
Marshall Field House,https://chicagology.com/wp-content/themes/revolution-20/chicagoimages8/1905prairielibrary.jpg,Prairie District,Private Residence,1873,1955,41.856237,-87.620702,Private Development,private business building,Commercial Business,https://chicagology.com/chicagostreets/prairieavenue/1905prairie/,"""Designed by Richard Morris Hunt, the architect behind iconic structures like the Vanderbilt’s The Breakers in Newport, Rhode Island, the mansion was a masterpiece of 19th-century architecture.""",Jade
The William Borden House,https://chicagology.com/wp-content/themes/revolution-20/goldenage2/bordenresidence1020nlsd.jpg,Gold Coast,Private Residence,1886,1962,41.9022046,-87.6255586,Private Development,The Carlyle apartment building,Residential Complex,https://chicagology.com/goldenage/goldenage143/,"""Designed by Robert Morris Hunt, the mansion was a three-story, French Renaissance-style chateau with imported stone carvings from France, reflecting the opulence and architectural ambition of Chicago’s elite.The demolition of the house is often noted by architectural historians as a major loss of a Gilded Age masterpiece, though its interior was extensively photographed by Richard Nickel before its destruction."" ",Jade
Swift & Company Meatpacking Warehouse,https://texashistory.unt.edu/ark:/67531/metapth14996/m1/1/med_res/,Back of the Yards,Industrial,1913,2022,41.81779372,-87.65738906,Industrial Decline,part of Stockyards Industrial Park and also vacant land,Industrial,https://urbanlithograph.com/research/former-swift-company-warehouse-chicago/,"""Swift's headquarters was a major center for the nation's beef supply. In the 1920s, the area where that swift headquarters occupied was Chicago's meatpacking district. Gustavus Franklin Swift founded the Midwestern meatpacking empire and helped develop the first ice-cooled railroad car. Without him, Chicago might not have become the epicenter of the industry a century ago.""",Jade
Italian Court Building,https://upload.wikimedia.org/wikipedia/commons/3/35/Italian_Courtyard_Building_Chicago_courtyard_Forecast_magazine_1930.jpg,Magnificent Mile,Mixed-Use,1910,1968,41.893007,-87.623857,Private Development,commercial skyscraper,Commercial Business,https://en.wikipedia.org/wiki/Italian_Court_Building,"""The Italian court was a 20th-century mixed-use building in the state of Illinois in the United States and served as a gathering spot for Chicago's bohemian artists and the venue for poetry readings.""",Jade
Chicago Machinery Exchange ,https://www.preservationchicago.org/wp-content/uploads/2022/02/2290.jpg,West Loop,Commercial,1910,2018,41.8826179,-87.6575354,Urban Renewal,Planned Mixed-Use building,Commercial Business,https://www.preservationchicago.org/orange-rated-chicago-machinery-building-by-d-h-burnham-company-targeted-with-demolition/,"""The building was constructed during a period when Chicago was rapidly industrializing, and it served as a warehouse for the Chicago Machinery Exchange, a key player in the city’s industrial and commercial growth.""",Jade
Ida B. Wells Homes,https://upload.wikimedia.org/wikipedia/commons/thumb/b/bd/20_121278_Ida_B._Wells_Homes_at_Oakwood_and_Cottage_Grove.jpg/960px-20_121278_Ida_B._Wells_Homes_at_Oakwood_and_Cottage_Grove.jpg,Bronzeville,Public Housing,1941,2011,41.826,-87.612,Public Housing Policy,Oakwood Shores,Residential Complex,https://en.wikipedia.org/wiki/Ida_B._Wells_Homes,"""The Ida B. Wells Homes, which also included the Clarence Darrow Homes and Madden Park Homes, was a Chicago Housing Authority (CHA) public housing project""",Jade
W.J. Cassidy Tire Company,"https://substackcdn.com/image/fetch/$s_!Tm82!,w_1456,c_limit,f_webp,q_auto:good,fl_progressive:steep/https%3A%2F%2Fsubstack-post-media.s3.amazonaws.com%2Fpublic%2Fimages%2Fc2a67fe5-61d7-43e8-bded-ef8992f79c82_1900x1920.jpeg",West Loop,Industrial,1902,2022,41.888278,-87.640333,Private Development,Cassidy on Canal,Residential Complex,https://chicagolandarchitecture.substack.com/p/demolitions-of-2022,"""Cassidy Tire Company is a historic, family-owned business that has played a vital role in Chicago’s automotive, architectural, and economic history for over a century. """,Jade
Doctors Hospital of Hyde Park ,https://scontent-ord5-1.xx.fbcdn.net/v/t1.6435-9/48388291_10155285952064364_2011689757196681216_n.jpg?_nc_cat=108&ccb=1-7&_nc_sid=f7fc3c&_nc_ohc=NdOrg-CdxCUQ7kNvwE77L5Y&_nc_oc=AdpA1zdn0EMtrDqq44aFOyWLozRd9I8Nl-G5PUt42NSxF0SHoPPSxVnQE01exIR6TDVcCoUSLWuFECuSbkZY4PdJ&_nc_zt=23&_nc_ht=scontent-ord5-1.xx&_nc_gid=GIcCCw2TQ6I4_iwiY3iA4A&_nc_ss=7b2a8&oh=00_Af7zGXVMiydUTlzqa-WX8yo9cWoyLHmyRHu-G-bv6OvQkA&oe=6A299F40,Hyde Park,Healthcare,1916,2011,41.78956,-87.586817,Private Development,Earl Shapiro Hall,Institutional Building,https://www.cbsnews.com/chicago/news/old-hospital-in-hyde-park-is-now-a-memory/,"""It first opened as the Illinois Central Community Hospital serving railroad employees before becoming the Doctors' Hospital of Hyde Park when it closed in 2000.""",Jade
Mickelberry Sausage Company plant ,https://www.firefighterclosecalls.com/awesome/2020/05/Mickelberry-101-600x428-1.jpg,Back of the Yards,Industrial,,1969,41.803889,-87.644722,Fire,Warehouse/Industrial buildings,Industrial,https://en.wikipedia.org/wiki/Mickelberry_Sausage_Company_plant_explosion,"""The explosion at the Mickelberry Sausage Company plantone of the worst tragedies in Chicago history. Nine people were killed, including four firefighters. Seventy people were injured.""",Jade
Phenix Building,https://upload.wikimedia.org/wikipedia/commons/thumb/9/9d/Phenix_Building_Inland_Architect_%26_News_Record_Vol._X_No._3.jpg/960px-Phenix_Building_Inland_Architect_%26_News_Record_Vol._X_No._3.jpg,The Loop,Commercial,1886,1957,41.878,-87.6314,Private Development,111 w jackson blvd ,Commercial Business,https://en.wikipedia.org/wiki/Phenix_Building_(Chicago),"""After its completion, it was considered one of Chicago's most magnificent architectural structures.""",Jade
Cooley Vocational High School,https://upload.wikimedia.org/wikipedia/en/7/76/Cooley_Vocational_High_School_%28Chicago%2C_Illinois%29.jpg,Old Town,School,1905,1981,41.9053,-87.6381,Private Development,shopping mall,Commercial Business,https://en.wikipedia.org/wiki/Cooley_Vocational_High_School,"""The school’s student body underwent a demographic shift in the 1960s. Initially, it was 69% White and 31% African-American in 1958, but by 1967, 98% of the student population was African-American, reflecting the broader racial and social changes in Chicago during the era.""",Jade
Regal Theater,https://upload.wikimedia.org/wikipedia/commons/thumb/d/dd/Regal_Theater.jpg/500px-Regal_Theater.jpg,Bronzeville,Entertainment,1928,1973,41.8092,-87.6158,Private Development,Harold Washington Cultural Center.,Arts and Culture,"https://en.wikipedia.org/wiki/Regal_Theater,_Chicago","""The venue featured performances by some of the most celebrated African-American entertainers such as: Nat King Cole, Louis Armstrong, Ella Fitzgerald, Miles Davis, Sammy Davis Jr., Duke Ellington, The Temptations, The Supremes, Stevie Wonder, Etta James, Dionne Warwick and James Brown.""",Jade
McCarthy Building,https://upload.wikimedia.org/wikipedia/en/a/a3/McCarthy_Building_image2.jpg,the Loop,Commercial,1872,1989,41.883444,-87.629056,Private Development,22 West Washington Block 37 retail and office complex,Commercial Business,https://en.wikipedia.org/wiki/McCarthy_Building_(Chicago),"""A major case in Chicago history where one of the oldest post-Great Fire structures and designated landmark was demolished for the development of Block 37.""",Jade
South Side Masonic Temple,https://www.preservationchicago.org/wp-content/uploads/2021/03/Untitled-50.png,Englewood,Religious,1921,2018,41.7808,-87.6436,Executive / Legislative Action,Vacant Land,Vacant,https://bldg51.com/2018/01/11/clarence-hatzfelds-south-side-masonic-temple-1921-undergoing-demolition/,"""The building was a historic 1921 Classical Revival building known for its Egyptian Revival, Moorish, and Art Deco elements and served as a community hub until being abandoned in the 1950s.""",Jade
Paradise Theatre ,https://photos.cinematreasures.org/production/photos/34090/1327127005/large.jpg?1327127005,West Garfield Park,Entertainment,1928,1956,41.884417,-87.725556,Private Development,auto repair business.,Commercial Business,https://cinematreasures.org/theaters/344,"""The paradise theater was billed as the world’s most beautiful theater. In 1956, owners Balaban and Katz closed the theater, demolished the building and sold the land to be developed as a supermarket""",Jade
Savoy Ballroom,https://upload.wikimedia.org/wikipedia/commons/thumb/2/24/Savoy_Ballroom_in_new_South_Center_Development%2C_47th_Street_and_South_Parkway%2C_for_the_Negro..._%28NBY_463%29.jpg/960px-Savoy_Ballroom_in_new_South_Center_Development%2C_47th_Street_and_South_Parkway%2C_for_the_Negro..._%28NBY_463%29.jpg,Bronzeville,Entertainment,1927,1970,41.8092,-87.6159,Urban Renewal,Harold Washington Cultural Center,Arts and Culture,https://en.wikipedia.org/wiki/Savoy_Ballroom_(Chicago),"""Originally featuring primarily Jazz artists, including Louis Armstrong, Count Basie, Duke Ellington, Earl Hines, Stan Kenton, Dizzy Gillespie, Billie Holiday, Ella Fitzgerald, Gene Krupa, Woody Herman, the Savoy Ballroom was the largest dancehall in the South side community""",Jade
E2 Nightclub,https://dims.apnews.com/dims4/default/0f2579a/2147483647/strip/true/crop/4000x2666+0+0/resize/819x546!/format/webp/quality/90/?url=https%3A%2F%2Fassets.apnews.com%2F7d%2F83%2F4e10da8a74fca07de6caa3e0d885%2Fdb7c0af209524eb5b3e3728ec1244daf,South Loop,Entertainment,1910,2024,41.849643,-87.623332,Executive / Legislative Action,Planned senior housing with memorial,Public Housing,https://apnews.com/article/e2-nightclub-stampede-chicago-dead-injured-9e157323dddefa45cd85a2f63b23fd62,"""The site of a deadly stampede in 2003 which led to 21 deaths and more than 50 injuries.""",Jade
Ravenswood Presbyterian Church,https://chicagoyimby.com/wp-content/uploads/2025/10/ravenswood-presbyterian-church-04.jpg,Ravenswood,Religious,1914,2025,41.95993105,-87.67267639,Private Development,New single family homes (planned),Private Home,https://chicagoyimby.com/2025/10/demolition-imminent-for-former-ravenswood-presbyterian-church.html,"""The church was a place of shared memories and traditions for generations of Ravenswood residents. Since the congregation left the building and moved to Mayfair in fall 2024, it was sold and reports claimed that the building is planned to be demolished.""",Jade
Old University of Chicago,https://pi.lib.uchicago.edu/1001/dig/photoarchive/apf2-10070/t,Bronzeville,School,1856,1890,41.8317,-87.6114,Private Development,residential building,Residential Complex,https://photoarchive.lib.uchicago.edu/db.xqy?keywords=apf2-10070,"""The Old University of Chicago was founded by Baptist Church leaders. The school was constantly plagued by financial difficulties and was forced to close in 1886. While the present-day University of Chicago, which was established in 1891, is a separate legal entity and in a different location, it recognized Old University of Chicago alumni as its own and maintained a number of other continuities from its pre-1890 origins""",Jade
Academy of Music ,https://www.kpl.gov/app/uploads/2019/02/academy-of-music-exterior1883-1.jpg,West Loop,Entertainment,1882,1936,41.8811392,-87.6480883,Fire,Ulta Beauty,Commercial Business,https://www.kpl.gov/local-history/kalamazoo-history/arts-entertainment/academy-of-music/,"""The third Academy of Music known also known as Shelby's Academy operated as a theatre, then converted to a silent films movie theatre. Its eventual demolition in 1936 marked the end of an era for Chicago’s early theatrical history"" ",Jade
Michael Reese Hospital,https://upload.wikimedia.org/wikipedia/commons/thumb/4/45/Michael_Reese_Hospital_04.jpg/960px-Michael_Reese_Hospital_04.jpg,Bronzeville,Healthcare,1881,2013,41.84138,-87.61356,Executive / Legislative Action,Bronzeville Lakefront,Residential Complex,https://en.wikipedia.org/wiki/Michael_Reese_Hospital,"""Portions of the hospital campus were over 100 years old and believed by some preservationists to hold historic value. The older buildings were constructed in an ornate style.""",Jade
Dexter Building,https://webapps1.chicago.gov/landmarksweb/static/images/photos/4903.jpeg,South Loop,Commercial,1887,2006,41.873611,-87.626111,Fire,Planned Mixed-Use building,Residential Complex,https://webapps1.chicago.gov/landmarksweb/web/landmarkdetails.htm?lanId=1289,"""It was known for its structural innovation and considered as crucial to Sullivan's architectural style, a precursor to the renowned Auditorium Building.""",Jade
Crawford Generating Station ,https://upload.wikimedia.org/wikipedia/commons/a/a2/Illinois_-_Chicago_-_NARA_-_23939591_%28cropped%29.jpg,South Lawndale,Industrial,1924,2020,41.828611,-87.722778,Industrial Decline,Vacant Land,Vacant,https://cumulis.epa.gov/supercpad/SiteProfiles/index.cfm?fuseaction=second.Cleanup&id=0510192#bkground,"""One of the city’s key coal-burning generating stations that became a major pollution site whose closure was tied to policy change.""",Jade
Stateway Gardens,https://upload.wikimedia.org/wikipedia/commons/thumb/8/89/63_022379_Stateway_Gardens_Chicago.jpg/960px-63_022379_Stateway_Gardens_Chicago.jpg,Bronzeville,Public Housing,1955,2007,41.827222,-87.627778,Public Housing Policy,Park Boulevard,Residential Complex,https://en.wikipedia.org/wiki/Stateway_Gardens,"""A major public housing complex known for extreme racial segregation and high crime rates""",Jade
Montauk Building,https://upload.wikimedia.org/wikipedia/commons/thumb/6/63/Montauk_building.jpg/960px-Montauk_building.jpg,the Loop,Commercial,1882,1902,41.8805,-87.6319,Private Development,Chase Tower,Commercial Business,https://en.wikipedia.org/wiki/Montauk_Building,"""A 10-story office building that was considered by many historians as the first tall commercial building in Chicago built from masonry construction.""",Jade
Midway Gardens,https://franklloydwright.org/wp-content/uploads/2017/02/midway-gardens.jpg,Hyde Park,Entertainment,1914,1929,41.785341,-87.606794,Private Development,Midway Gardens Apartments ,Residential Complex,https://franklloydwright.org/site/midway-gardens/,"""The Midway Gardens was a 360,000 square feet indoor and outdoor entertainment center that was known for its beer garden and sculptures. The design was so well-built that the demolition company went bankrupt after the demolition work.""",Jade
Home Insurance Building ,https://chicagoyimby.com/wp-content/uploads/2024/04/home-insurance-exterior-.jpeg,the Loop,Commercial,1885,1931,41.8796,-87.632,Private Development,Field Building,Government,https://chicagoyimby.com/2024/04/lost-legends-12-the-home-insurance-building.html,"""The Home insurance company was widely considered the first skyscraper in the world.""",Jade
Brach's Candy Factory,https://img.atlasobscura.com/KWYbZXNqJVYVzJhCq12w9XAtDdVTpic2n8jWQHgQ_Ls/rt:fit/h:400/q:81/sm:1/scp:1/ar:1/aHR0cHM6Ly9hdGxh/cy1kZXYuczMuYW1h/em9uYXdzLmNvbS91/cGxvYWRzL3BsYWNl/X2ltYWdlcy9lYzNh/ODU5YzQwNGI5MDUz/Y2FfMTUyMzAzNzE4/ODZfOGFmYzRlOTBi/Yl9rLmpwZw.webp,West Garfield Park,Industrial,1923,2014,41.888874,-87.741943,Industrial Decline,a new industrial center,Industrial,https://www.atlasobscura.com/places/abandoned-brach-s-candy-factory,"""Brach's candy company was once one of the country's largest confectionary plants""",Jade
Belmont Rocks,https://static.wixstatic.com/media/748605_a9bdeaab12a34551b766ec9937b6761c~mv2.jpg,Lakeview,Recreational Area,1960,2003,41.9388,-87.6348,Public Infrastructure,AIDS Garden Chicago,Parks,https://www.chicagotribune.com/2017/08/07/vintage-photos-remembering-belmont-rocks/,"""This was considered a sanctuary for the LGBTQ+ community especially during the AIDS crisis.""",Amanda
Chicago Stock Exchange,https://chicagology.com/wp-content/themes/revolution-20/goldenage/chicagostockexchange1893interocean.jpg,The Loop,Mixed-Use,1894,1972,41.8828,-87.6329,Private Development,30 N. LaSalle Street,Commercial Business,https://chicagology.com/goldenage/goldenage148/,"""This building was considered a masterpiece of commercial architecture and was designed by Adler & Sullivan.""",Amanda
Jane Addams Homes,https://cst.brightspotcdn.com/dims4/default/8add84b/2147483647/strip/true/crop/5617x4430+0+0/resize/840x662!/quality/90/?url=https%3A%2F%2Fchorus-production-cst-web.s3.us-east-1.amazonaws.com%2Fbrightspot%2F3e%2F53%2F84aad4a44903a5ca2bb06ed14fa9%2Fhb04673b-pm.jpg,Near West Side,Public Housing,1938,2007,41.8694,-87.6578,Public Housing Policy,Roosevelt Square ,Public Housing,https://www.hmdb.org/m.asp?m=289764,"""This was one of the first three public housing projects in Chicago.""",Amanda
Dexter Park,https://protoball.org/images/c/c4/Dexter_park-300x209.jpg,Canaryville,Entertainment,1913,1934,41.816111,-87.646111,Fire,International Amphitheatre,Arts and Culture,https://www.chicagotribune.com/2017/08/17/then-and-now-chicagos-lost-sports-venues/,"""The horse racing track was also the first home of the White Stockings baseball team and hosted other events like wrestling.""",Amanda
International Amphitheatre,https://www.ledzeppelin.com/sites/g/files/g2000013721/files/sites/default/files/styles/photo_detail_large/public/201904/chicago_intl-.jpg?itok=3ZJ8To4M,Canaryville,Entertainment,1934,1999,41.816111,-87.646111,Urban Renewal,Vestis laundry plant,Industrial,https://www.chicagotribune.com/2017/08/17/then-and-now-chicagos-lost-sports-venues/,"""This was known as the site of four Democratic National Conventions and two Republican National Conventions. It also served as an entertainment venue that hosted Elvis, the Beatles, and the Bulls.""",Amanda
Hull House,https://socialwelfare.library.vcu.edu/wp-content/uploads/2011/01/hullhouse1.jpg,Near West Side,Civic Center,1889,1963,41.871667,-87.6475,Urban Renewal,University of Illinois Chicago,Institutional Building,https://www.hullhousemuseum.org/faq,"""Hull House became a leading model for social reform in the United States. It introduced services like childcare, public playgrounds, and educational classes for immigrant communities. They were also active in the reforms of child labor laws, women's rights, and education.""",Amanda
Truc Lam Buddhist Temple,https://assets.dnainfo.com/photo/2017/5/1494267798-298406/extralarge.jpg,Uptown,Religious,1880,2020,41.965059,-87.703927,Private Development,The Gardner School,Institutional Building,https://blockclubchicago.org/2019/11/01/despite-efforts-to-save-truc-lam-buddhist-temple-120-year-old-building-likely-to-meet-wrecking-ball/,"""Became a case of failed landmark protection and the demolition also served as a sign of gentrification in the neighborhood.""",Amanda
Fort Dearborn,https://chicagology.com/wp-content/themes/revolution-20/PreFire3/fortdearborn1804.jpg,The Loop,Military,1816,1857,41.88806,-87.62389,Fire,Michigan Ave / Bridge,Transportation Infrastructures,https://www.architecture.org/online-resources/architecture-encyclopedia/fort-dearborn,"""A rebuilding of the original U.S. Army fort that was burned down during the 1812 Battle of Fort Dearborn. Most of the structure was destroyed in a fire or torn down to make way for the city's expansion.""",Amanda
John and Mary Jones House,Unavailable,South Loop,Private Residence,,,41.870278,-87.628889,Unknown,Dearborn Park,Parks,https://www.chicago.gov/content/dam/city/depts/zlup/Historic_Preservation/Publications/Site_of_the_John_and_Mary_Jones_House.pdf,"""This was once the a stop of the Underground Railroad station and was home to prominent Black abolitionists.""",Amanda
Central Music Hall,https://chicagology.com/wp-content/themes/revolution-20/postfire/centralmusichall.jpg,The Loop,Mixed-Use,1879,1900,41.8842,-87.6275,Private Development,Macy's,Commercial Business,https://thearchitectureprofessor.com/2020/07/05/1-7-the-central-music-hall/,"""Widely considered as Adler's first important building, and served as a vital cultural engine in the Loop, bridging commerce with the arts.""",Amanda
Chicago Central Station,https://upload.wikimedia.org/wikipedia/commons/e/e6/Detroit_Publishing_-_Illinois_Central_depot%2C_Chicago.jpg,South Loop,Transportation,1893,1974,41.868056,-87.621944,Industrial Decline,Central Station,Transportation Infrastructures,https://chicagoyimby.com/2023/08/lost-legends-9-chicagos-central-station-in-south-loop.html,"""The station was a gateway to Chicago for African Americans who settled in nearby neighborhoods such as Bronzeville.""",Amanda
Archer Daniels Midland Wheat Mill,"https://substackcdn.com/image/fetch/$s_!Khqe!,f_auto,q_auto:good,fl_progressive:steep/https%3A%2F%2Fbucketeer-e05bbc84-baa3-437e-9518-adb32be77984.s3.amazonaws.com%2Fpublic%2Fimages%2F605a97f0-82eb-4883-ae95-678fdd4c17a2_1024x691.jpeg",West Loop,Industrial,1897,2021,41.888,-87.65975,Private Development,In development for a mixed-use project,Mixed-Use,https://chicagolandarchitecture.substack.com/p/archer-daniels-midland-wheat-mill,"""Largest flour mill in the state when it was first developed.""",Amanda
Chicago and Northwestern Passenger Terminal,https://chicagology.com/wp-content/themes/revolution-20/skyscraper/cnwterminalca1912.jpg,West Loop,Transportation,1911,1984,41.882005,-87.64049,Private Development,Accenture Tower,Commercial Business,https://chicagoyimby.com/2023/04/lost-legends-4-uncovering-the-history-of-the-chicago-and-north-western-station.html,"""This terminal was known for not only its distinctive clock tower, but also for setting new standards for passenger care.""",Amanda
Meigs Field,https://upload.wikimedia.org/wikipedia/commons/2/22/Meigs_field_USGS_2002.jpg,Northerly Island,Transportation,1946,2003,41.86,-87.608611,Executive / Legislative Action,Northerly Island Park,Parks,https://www.flyingmag.com/looking-back-at-the-overnight-destruction-of-meigs-field/,"""An iconic, single-runway airport that was demolished overnight without prior notice.""",Amanda
Comiskey Park,https://www.ballparksofbaseball.com/wp-content/uploads/2016/03/old_comiskey_park.jpg,Armour Square,Entertainment,1910,1991,41.831667,-87.634167,Private Development,Parking Lot,Transportation Infrastructures,https://www.chicagotribune.com/2017/08/17/then-and-now-chicagos-lost-sports-venues/,"""This was a stadium that once served as home for the White Sox, Caridinals, Chicago American Giants, and the Chicago Sting.""",Amanda
Chicago Grand Central Station,https://texashistory.unt.edu/ark:/67531/metapth28692/m1/1/high_res/,South Loop,Transportation,1890,1971,41.873333,-87.634167,Industrial Decline,Alta Grand Central,Residential Complex,https://www.american-rails.com/gcs.html,"""This was considered an architectural marvel and engineering feat. It was also one of the few stations that featured an integrated hotel.""",Amanda
The Morrison Hotel,https://images.chicagohistory.org/cdn/chicagohistorymuseum/previews/1217/95999b8376e98f7c34978606356ddcb1/5/7627f4c8eb04cff0abfbfd0d0152fb71/364837.jpg,The Loop,Hospitality,1915,1965,41.8816,-87.6301,Private Development,Chase Tower,Commercial Business,https://chicagoyimby.com/2023/03/lost-legends-2-the-morrison-hotel-in-the-loop.html,"""This was once the world's tallest hotel for 30 years and remained the tallest hotel in Chicago up until it was demolished.""",Amanda
Sauganash Hotel,https://www.hmdb.org/Photos6/614/Photo614510.jpg?108202142500PM,The Loop,Hospitality,1831,1851,41.8854,-87.6365,Fire,The Wigwam,Arts and Culture,https://webapps1.chicago.gov/landmarksweb/web/landmarkdetails.htm?lanId=1417,"""Chicago's first hotel and first theater.""",Amanda
Wigwam,https://webapps1.chicago.gov/landmarksweb/static/images/photos/5299.jpeg,The Loop,Entertainment,1860,1869,41.8854,-87.6365,Fire,191 North Wacker,Commercial Business,https://chicagology.com/prefire/prefire171/,"""This location served as the site for the 1860 Republican National Convention where Abraham Lincoln became the party's nominee for the presidential election.""",Amanda
Former Chicago Sun Times Building,https://www.chicagomag.com/wp-content/archive/Chicago-Magazine/January-2004/Ode-to-an-Eyesore/sun-times-building.jpg,River North,Commercial,1955,2004,41.8889,-87.6264,Private Development,Trump International Hotel and Tower,Hospitality,https://www.chicagomag.com/chicago-magazine/january-2004/ode-to-an-eyesore/,"""Known to be an eyesore and served as the headquarters to Chicago Sun Times Newspaper.""",Amanda
Henrici's,https://news.wttw.com/sites/default/files/styles/resp-slide/public/article/slideshow-img/Henricis-restaurant-last-days-before-closing-1962.jpg?itok=ybbLSUi0,The Loop,Hospitality,1894,1962,41.88393,-87.6302,Urban Renewal,Richard J. Daley Center,Government,https://archive.artic.edu/ryerson/2004,"""This location was actually the second after the original was destroyed in the Great Fire. The restaurant was known as ""Chicago's Most Famous Restaurant.""",Amanda
Granada Theatre,https://photos.cinematreasures.org/production/photos/473775/1737507612/large.png?1737507612,Rogers Park,Entertainment,1926,1990,41.999249,-87.66015,Private Development,Granada Center Building,Institutional Building,https://www.legendsofamerica.com/granada-theater-lost-in-chicago/,"""This was once a popular rock-concert venue and movie theatre. At the time, it was one of the three largest theatres in the city.""",Amanda
A.J. Stone Building,https://lookbackchicago.wordpress.com/wp-content/uploads/2022/07/1950s-forgotten-chicago.jpeg,Near West Side,Commercial,1892,1964,41.881388,-87.6666629,Private Development,traffic island,Transportation Infrastructures,https://lookbackchicago.wordpress.com/2021/04/26/from-worlds-fair-to-turtle-square-a-lost-landmark-building-on-chicagos-west-side/,"""This was dubbed the first skyscraper on the West Side.""",Amanda
Iroquois Theatre,https://th-thumbnailer.cdn-si-edu.com/6ZYGrR0cO3V0Mphu46Moilkhtmc=/1026x684/filters:no_upscale()/https://tf-cmsv2-smithsonianmag-media.s3.amazonaws.com/filer/60/e6/60e60c76-3972-44fe-8f7f-2eae44ae1096/exterioriroquois-wr.jpg,The Loop,Entertainment,1903,1925,41.8847,-87.628685,Fire,Nederlander Theatre,Arts and Culture,https://en.wikipedia.org/wiki/Iroquois_Theatre_fire,"""The building had a fire that killed 600 people just a month after it opened.""",Amanda
Robert Taylor Homes,https://voiceofwitness.org/wp-content/uploads/2019/10/8676004338_1d0546f2bc_o-scaled.jpg,Bronzeville,Public Housing,1962,2007,41.8125,-87.6275,Public Housing Policy,"""Legends South"" project",Public Housing,https://en.wikipedia.org/wiki/Robert_Taylor_Homes,"""This was the largest public housing project in United States history prior to its demolition.""",Amanda
SMC Cartage Co. garage,https://media.gettyimages.com/id/514977024/photo/site-of-st-valentines-day-massacre.jpg?s=1024x1024&w=gi&k=20&c=1BCq5ifV6zrEWV8qkclalZarRsjbh_-YbVi-XrG4l9g=,Lincoln Park,Industrial,,1967,41.9209837,-87.6376634,Urban Renewal,Margaret Day Blake Apartments,Public Housing,https://www.wbez.org/morning-shift/2018/02/14/whats-that-building-the-site-of-the-st-valentines-day-massacre,"""This was the site of the infamous St. Valentine’s Day Massacre.""",Amanda
Cabrini-Green Homes,https://aaregistry.org/wp-content/uploads/2021/11/cabrini-green.jpg,Near North Side,Public Housing,1942,2011,41.900417,-87.640139,Public Housing Policy,Mixed-Homes housing,Public Housing,https://www.nytimes.com/2007/03/18/us/18cabrini.html,"""Considered a national symbol of the failure of high-rise public housing policies.""",Amanda
Palmer Mansion,https://chicagology.com/wp-content/themes/revolution-20/goldenage/palmerconservatory.jpg,Gold Coast,Residential,1882,1950,41.907324,-87.626615,Private Development,1350-1360 Lake Shore Drive,Residential Complex,https://americanaristocracy.com/houses/potter-palmer-mansion,"""At one point, this was the largest private residence in the city. The construction of the mansion essentially led to the establishment of the Gold Coast neighborhood.",Amanda
White City Amusement Park,https://blogger.googleusercontent.com/img/b/R29vZ2xl/AVvXsEjW3oA5ZcuMVjHGgboelgjUXaB5u66igMbnZewVex6EA0Nyy-GS7LTQAXeZibyh01o-YeKZ45Q1K_50XfKwmSHN5LN_WdzDSdlMe-T06GW4c-Pm6Dzpi38fGMnmMVoqtG2qu-Ys57l_BhGO/w661-h896/White_City_01.jpg,Woodlawn,Entertainment,1905,1950,41.7808,-87.6166,Public Housing Policy,Parkway Gardens,Public Housing,https://chicagology.com/skyscrapers/skyscrapers069/,"""A premier Chicago entertainment hub that was promoted as the largest of its kind in the US. It also hosted the first Goodyear Blimp assembly.""",Amanda
Garrick Theater,https://upload.wikimedia.org/wikipedia/commons/6/6f/Schiller_Theater_building_1900.jpg,The Loop,Entertainment,1891,1961,41.884722,-87.630556,Private Development,Parking Lot,Transportation Infrastructures,https://archive.artic.edu/louissullivan/garricktheater/,"""This theater had one of the most publicized preservation campaigns in the city's history.""",Amanda
Edgewater Beach Hotel,https://www.wttw.com/a/img/chicagostories/edgewaterbeachhotel.jpg,Edgewater,Hospitality,1915,1971,41.983611,-87.654722,Private Development,Edgewater Plaza,Residential Complex,https://www.edgewaterhistory.org/ehs/local/edgewater-beach-hotel,"""The hotel was known for its notable guests, including Martin Luther King Jr..""",Amanda
Mode Theatre,https://photos.cinematreasures.org/production/photos/96940/1395511997/large.jpg?1395511997,Lakeview,Entertainment,1913,2005,41.9531047,-87.6573141,Private Development,Mixed-Use building,Mixed-Use,https://cinematreasures.org/theaters/4467,"""This was a notable neighborhood cinema.""",Amanda
Grand Pacific Hotel,https://upload.wikimedia.org/wikipedia/commons/thumb/9/93/Grand_Pacific_Hotel_1912.JPG/500px-Grand_Pacific_Hotel_1912.JPG,The Loop,Hospitality,1873,1925,41.8786,-87.6315,Private Development,Central Standard Building,Commercial Business,https://drloihjournal.blogspot.com/2017/09/the-two-grand-pacific-hotels-in-chicago.html,"""One of two prominent hotels built in Chicago after the Great Chicago Fire.""",Amanda
Union Stock Yards,https://blogger.googleusercontent.com/img/b/R29vZ2xl/AVvXsEjZU7yFQMdIaN6chmU-nXwe3Q0FRNDO4pluXc8R8wXkmtr9TYK-T7TQTlYgrjvnGb3Phnj6rKpfMXkYvlC-4XVfFi06JkDnk6oQzhwkcNvacTsRWRHpOA9FGGuPrZE6glj2Qw4tIRUASOA/w1200-h630-p-k-no-nu/unionstockgate.jpg,Back of the Yards,Industrial,1865,1971,41.8009,-87.6437,Industrial Decline,The Stockyards Industrial Park,Industrial,https://www.wttw.com/chicago-stories/union-stockyards/the-union-stockyards-a-story-of-american-capitalism,"""Chicago’s first hog packinghouses that fundamentally transformed American agriculture, industrial production, consumer habits, and labor practices.""",Amanda
Vendome Theater,https://www.cnet.com/a/img/resize/e38608164956bbf00276da2851dc8f4b0eca1ca5/hub/2019/12/25/c342f796-494a-47b9-8bcd-52cf1e0a7bf2/vendome-theater-chicago-gettyimages-1187462241.jpg?auto=webp&width=1920,Bronzeville,Entertainment,1919,1949,41.837449,-87.62639,Private Development,Parking Lot for IIT,Transportation Infrastructures,https://jazzagechicago.wordpress.com/vendome/,"""This theater catered to black audiences who were denied admission to 'whites-only' venues in their neighborhood.""",Amanda
The Pullman Building,https://www.meisterdrucke.uk/kunstwerke/1260px/Barnes_and_Crosby_-_Pullman_Building_Chicago_Illinois_USA_-_%28MeisterDrucke-1064004%29.jpg,The Loop,Mixed-Use,1884,1956,41.8796,-87.6241,Private Development,Borg-Warner Building,Commercial Business,https://pullman-museum.org/theCompany/pullmanBuilding.html,"""This was the headquarter of George Pullman's railroad car empire.""",Amanda
Pilgrim Baptist Church,https://preservationchicago.org/wp-content/uploads/2021/12/635.jpg,Bronzeville,Religious,1890,2006,41.834444,-87.621389,Fire,Planned: National Museum of Gospel Music,Arts and Culture,https://en.wikipedia.org/wiki/Pilgrim_Baptist_Church,"""Consicered as the birthplace of gospel music.""",Amanda
Chicago Coliseum,https://chicagology.com/wp-content/themes/revolution-20/goldenage/1901coliseumautoshow.jpg,South Loop,Entertainment,1899,1982,41.8624457,-87.6257586,Private Development,Soka Gakkai USA Culture Center,Arts and Culture,https://www.timeout.com/chicago/news/then-and-now-chicago-coliseum-031020,"""This was a major political and cultural hub that also served as a rock concert venue, an arena for hosting the first-ever roller derby event and early interracial basketball tournaments, as well as ice hockey.""",Amanda
Pekin Theatre,https://upload.wikimedia.org/wikipedia/commons/b/b4/Pekin_Theatre.gif,Bronzeville,Entertainment,1906,1946,41.844196,-87.627083,Public Housing Policy,Dearborn Homes,Public Housing,"https://www.kolumnmagazine.com/2025/11/29/seats-of-our-own/#:~:text=The%20Pekin%20remained%2C%20for%20a,building%20was%20demolished%20in%201946.","""This was the first Black-owned musical and vaudeville theater in the United States.""",Amanda
Grand Avenue Radar Track,https://blogger.googleusercontent.com/img/b/R29vZ2xl/AVvXsEhKNp9JudXxY8le0CgkjIQpqlKiMnpBaJDRnRvlasNuN67pLHLbWHJQXhkT6CmhRDV5vKE2DcaQ6sHZzaaWf8uizZ5NO3U0Y1qV6rGsiuKneIrlPpSbeX07Pea7H0e6WiqCPzRFLt4kkcA/w668-h525/91597259_2613192885579209_395450004153565184_n.jpg,Montclare,Military,1943,1992,41.9168,-87.7942,Private Development,Parking Lot,Transportation Infrastructures,https://drloihjournal.blogspot.com/2017/02/chicagos-bridge-to-nowhere_19.html,"""The site was used for testing mobile radar units during World War II.""",Amanda
Damen Silos,https://cst.brightspotcdn.com/dims4/default/e442723/2147483647/strip/false/crop/2198x1468+0+0/resize/1486x992!/quality/90/?url=https%3A%2F%2Fcdn.vox-cdn.com%2Fthumbor%2Fxp2uIusHH5n4mLSiXr-uFRcINJM%3D%2F0x0%3A2198x1468%2F2198x1468%2Ffilters%3Afocal%281099x734%3A1100x735%29%2Fcdn.vox-cdn.com%2Fuploads%2Fchorus_asset%2Ffile%2F23036087%2FScreen_Shot_2021_11_22_at_5.41.27_PM.png,McKinley Park,Industrial,1906,2025,41.8375,-87.674667,Private Development,Vacant Land,Vacant,https://mascontext.com/observations/learning-from-the-damen-silos-demolition,"""A massive concrete grain elevator complex that was later used for film backdrops.""",Amanda
Little Jim’s Tavern,https://i0.wp.com/bcc-newspack.s3.amazonaws.com/uploads/2020/02/LJ2.jpg?resize=1200%2C800&ssl=1,Boystown,Entertainment,,2021,41.9455446,-87.6492599,Private Development,Howard Brown Health center,Institutional Building,https://blockclubchicago.org/2020/07/02/little-jims-the-first-and-oldest-gay-bar-in-boystown-closing-for-good/,"""This was Boystown's first-established and longest-running gay bar.""",Amanda
Man's Country/Chicago,https://photos.wikimapia.org/p/00/00/43/34/84_big.jpg,Uptown,Entertainment,1972,2019,41.973,-87.6678,Private Development,The Renslow,Residential Complex,https://www.vice.com/en/article/mans-country-a-mans-club-for-men/,"""Chicago's longest-running gay bathhouse that hosted celebrity performances and served as a concert venue, dance club, community space, gym, and sex club.""",Amanda
Hyde Park House,https://upload.wikimedia.org/wikipedia/commons/a/a1/Hyde_Park_House.JPG,Hyde Park,Hospitality,1857,1879,41.7994,-87.5828,Fire,Hampton House,Residential Complex,https://en.wikipedia.org/wiki/Hyde_Park_House,"""Notable hotel that Mary Todd Lincoln and the Prince of Wales stayed at during their time in Chicago.""",Amanda
Maxwell Street Market,https://images.squarespace-cdn.com/content/v1/61bf5b37a17d6e64232bbccb/431f824e-25bd-400f-bce5-efe2cf46865c/803.png,University Village,Commercial,1880,1994,41.86565,-87.64518,Urban Renewal,University of Illinois Chicago,Institutional Building,https://www.segregationbydesign.com/chicago/maxwell-street-market,"""A crucial cultural hub for immigrant and Black communities, and is considered the birthplace of Chicago Blues. It was at one point considered the world’s largest open-air market""",Amanda
Mahlon D. Ogden Mansion,https://chicagology.com/wp-content/themes/revolution-20/PreFire3/mahlonogdenmansionmansion.jpg,Gold Coast,Private Residence,1856,1893,41.899917,-87.630617,Private Development,Newberry Library,Institutional Building,https://www.newberry.org/blog/the-house-that-survived-the-great-chicago-fire,"""This was known for being the only house in the path of the Great Fire of 1871 which was not burned.""",Amanda
Temperance Temple,https://thearchitectureprofessor.com/wp-content/uploads/2021/04/img_4621.jpg?w=656,The Loop,Civic Center,1890,1926,41.8803,-87.6328,Private Development,120 North LaSalle,Commercial Business,"https://muse.jhu.edu/article/17252/summary#:~:text=In%201890%2C%20the%20Woman's%20Christian,energy%20and%20money%20to%20it.","""A significant intersection of female activism, philanthropy, and corporate ambition in late 19th-century America happened in this building.""",Amanda
The Relic House,https://chicagology.com/wp-content/themes/revolution-20/postfire/1891relichouse.jpg,Lincoln Park,Hospitality,1872,1929,41.9198573,-87.6367902,Private Development,2000 Lincoln Park Condo Association,Residential Complex,https://drloihjournal.blogspot.com/2020/05/history-of-relic-house-in-chicago.html,"""This was a symbol of the city's resilience and served as a popular tourist attraction. It eventually transitioned into a saloon, German restaurant, and even a speakeasy during the Prohibition era. It was also a known gathering spot for artists.""",Amanda
Rainbo Arena,https://blogger.googleusercontent.com/img/b/R29vZ2xl/AVvXsEglPeDZ_X8l8342m9KbJ_wgX3nf86Vrh97N8Hx5nJzK3iYDs94Irq9JNoE7ZjW9JaiBlEDomb8U3Ih62RFXf2ycWoR4fjQ1_zB-MI7sVxfgnmDLW8_IgtpTVpL-ELKs1T-enB6n7dbJ5cA/s1600/RainboPostcard.JPG,Uptown,Entertainment,1927,2003,41.9695,-87.6668,Private Development,Rainbo Village,Residential Complex,https://drloihjournal.blogspot.com/2016/12/the-rainbo-buildings-history-4812-north.html,"""Multipurpose building with a long history of occupancies: outdoor gardens that was transformed into an indoor sports arena, having a training rink for several Olympic figure skaters that was also used as the Blackhawk's practice facility, and even housing a pro bowling alley. Afterwards, when it became the Kinetic Playground up until its demolition, the location was known as the driving force in the music business for hosting famous rock bands and musicians.""",Amanda
McCormick Reaper Works II,https://www.assemblymag.com/ext/resources/Issues/2023/dec/asb1223mccormick5-forweb.jpg,Pilsen,Industrial,1873,1961,41.8442,-87.6689,Industrial Decline,"Various manufacturing, commercial, and industrial facilities",Industrial,https://chicagology.com/rebuilding/rebuilding151/,"""At its peak, the complex produced the famous McCormick reaper, which revolutionized farming, along with other agricultural machinery and even military equipment.""",Amanda